Partitions,Message_size_in_Points,Dimensions,Total_Messages,Throughput_Rate
48, 5000, 3, 6000, 27.125699
48, 5000, 3, 10000, 30.631254
48, 5000, 3, 10000, 27.220793
48, 5000, 3, 10000, 97.220793
96, 5000, 3, 10000, 27.125699
96, 5000, 3, 10000, 30.631254
96, 5000, 3, 10000, 27.220793
192, 5000, 3, 10000, 27.125699
192, 5000, 3, 10000, 30.631254
192, 5000, 3, 100000, 127.220793



